City_ID,City,Country,Lat,Lng,Max Temp,Humidity,Cloudiness,Wind Speed,Current Description
0,Mataura,NZ,-46.1927,168.8643,66.0,62,31,13.0,scattered clouds
1,Lagoa,PT,39.05,-27.9833,60.01,87,95,30.89,overcast clouds
2,Jamestown,US,42.097,-79.2353,48.0,23,90,14.97,overcast clouds
3,Puerto Ayora,EC,-0.7393,-90.3518,82.4,74,20,9.22,light rain
4,Urozhaynoye,RU,44.7883,44.9228,48.34,74,92,7.72,moderate rain
5,Medvedka,RU,61.1629,46.387,25.34,96,92,2.86,overcast clouds
6,Sao Jose Da Coroa Grande,BR,-8.8978,-35.1478,79.23,83,17,8.34,few clouds
7,Sibolga,ID,1.7427,98.7792,75.24,94,100,9.06,overcast clouds
8,Cidreira,BR,-30.1811,-50.2056,72.97,75,0,14.43,clear sky
9,Cherskiy,RU,68.75,161.3,-8.19,93,70,6.29,broken clouds
10,Vila Franca Do Campo,PT,37.7167,-25.4333,60.8,82,75,20.71,broken clouds
11,Lorengau,PG,-2.0226,147.2712,80.8,78,100,7.05,overcast clouds
12,Puerto Carreno,CO,6.189,-67.4859,91.35,46,66,5.91,broken clouds
13,Ushuaia,AR,-54.8,-68.3,39.2,81,40,20.71,scattered clouds
14,Nikolskoye,RU,59.7035,30.7861,35.01,80,0,4.47,light snow
15,Thompson,CA,55.7435,-97.8558,42.8,33,75,11.5,broken clouds
16,Pangnirtung,CA,66.1451,-65.7125,-2.13,85,2,3.67,clear sky
17,Rikitea,PF,-23.1203,-134.9692,75.87,70,37,14.9,light rain
18,Airai,TL,-8.9266,125.4092,60.17,97,100,5.19,light rain
19,Pyapon,MM,16.2833,95.6833,75.72,82,48,5.3,scattered clouds
20,East London,ZA,-33.0153,27.9116,63.41,76,89,13.2,overcast clouds
21,Ahuimanu,US,21.4447,-157.8378,80.6,69,75,17.27,light rain
22,Edson,CA,53.5835,-116.4356,44.6,57,1,10.36,clear sky
23,Severo-Kurilsk,RU,50.6789,156.125,34.65,94,100,24.74,light rain
24,Riyadh,SA,24.6877,46.7219,69.8,21,6,9.22,clear sky
25,Bredasdorp,ZA,-34.5322,20.0403,55.4,88,0,4.61,clear sky
26,Lebu,CL,-37.6167,-73.65,57.02,81,0,11.07,clear sky
27,Alta Floresta,BR,-9.8756,-56.0861,74.34,92,92,4.05,overcast clouds
28,Haimen,CN,23.1935,116.6142,71.6,88,75,11.18,broken clouds
29,Alto Araguaia,BR,-17.3147,-53.2153,76.86,65,88,2.75,overcast clouds
30,Ketchikan,US,55.3422,-131.6461,38.1,82,86,4.0,overcast clouds
31,Ilulissat,GL,69.2167,-51.1,5.0,66,40,6.91,scattered clouds
32,Khatanga,RU,71.9667,102.5,-31.79,96,7,3.83,clear sky
33,Hobyo,SO,5.3505,48.5268,82.11,73,6,13.35,clear sky
34,Ribeira Grande,PT,38.5167,-28.7,62.26,83,25,29.01,scattered clouds
35,Victoria,HK,22.2855,114.1577,80.01,81,9,3.13,clear sky
36,Tasiilaq,GL,65.6145,-37.6368,21.2,53,20,20.71,few clouds
37,High Level,CA,58.5169,-117.136,32.0,55,20,5.75,few clouds
38,Albany,US,42.6001,-73.9662,51.01,21,20,8.05,few clouds
39,Beringovskiy,RU,63.05,179.3167,2.52,86,100,20.11,overcast clouds
40,Punta Arenas,CL,-53.15,-70.9167,46.4,53,20,18.41,few clouds
41,Susurluk,TR,39.9136,28.1578,55.4,87,20,4.61,few clouds
42,Umtata,ZA,-31.5889,28.7844,53.6,94,48,5.75,scattered clouds
43,Hobart,AU,-42.8794,147.3294,59.0,54,40,13.8,scattered clouds
44,Namibe,AO,-15.1961,12.1522,77.68,81,46,5.57,scattered clouds
45,Baracoa,CU,20.3467,-74.4958,74.77,83,69,15.59,broken clouds
46,Hithadhoo,MV,-0.6,73.0833,83.46,74,69,16.78,broken clouds
47,Upernavik,GL,72.7868,-56.1549,-18.04,94,6,6.96,clear sky
48,Xai-Xai,MZ,-25.0519,33.6442,73.54,75,80,12.8,broken clouds
49,Khandyga,RU,62.6667,135.6,-12.23,99,75,1.88,broken clouds
50,Cassilandia,BR,-19.1133,-51.7342,80.71,40,84,4.16,broken clouds
51,Byron Bay,AU,-28.65,153.6167,69.8,88,90,3.44,overcast clouds
52,Lebedinyy,RU,58.5167,125.5167,7.18,96,100,2.57,overcast clouds
53,Dondo,MZ,-19.6094,34.7431,77.0,73,0,2.33,clear sky
54,Geraldton,AU,-28.7667,114.6,69.8,73,50,8.05,scattered clouds
55,Sabang,ID,5.8933,95.3214,82.29,73,97,16.04,overcast clouds
56,Busselton,AU,-33.65,115.3333,62.01,93,100,7.0,light rain
57,Jiazi,CN,22.8779,116.067,72.55,91,42,15.57,scattered clouds
58,Saldanha,ZA,-33.0117,17.9442,64.4,82,0,6.91,clear sky
59,Norman Wells,CA,65.282,-126.8329,6.8,61,75,4.61,broken clouds
60,Kodiak,US,57.79,-152.4072,50.0,46,1,5.75,clear sky
61,Fort Nelson,CA,58.8053,-122.7002,41.0,33,20,0.76,few clouds
62,Gilgit,PK,35.9221,74.3087,42.06,42,91,2.53,overcast clouds
63,Mar Del Plata,AR,-38.0023,-57.5575,70.0,83,20,14.97,few clouds
64,Dubbo,AU,-32.25,148.6167,57.2,94,0,4.61,clear sky
65,Skibbereen,IE,51.55,-9.2667,41.0,93,20,3.44,few clouds
66,Smithers,CA,54.7804,-127.1743,44.6,45,90,10.36,overcast clouds
67,Olafsvik,IS,64.8945,-23.7142,32.34,71,62,17.4,broken clouds
68,Egvekinot,RU,66.3167,-179.1667,-4.02,76,100,17.83,overcast clouds
69,Ngaoundere,CM,7.3167,13.5833,72.93,19,100,2.91,overcast clouds
70,Tirat Karmel,IL,32.7617,34.9719,51.01,87,0,1.81,clear sky
71,Saint-Joseph,RE,-21.3667,55.6167,77.0,78,0,8.05,clear sky
72,Esperance,AU,-33.8667,121.9,64.4,77,90,12.66,overcast clouds
73,Karratha,AU,-20.7377,116.8463,81.3,44,33,6.49,scattered clouds
74,Kaitangata,NZ,-46.2817,169.8464,66.06,51,71,23.64,broken clouds
75,Carnarvon,AU,-24.8667,113.6333,77.0,78,0,11.5,clear sky
76,Rio Gallegos,AR,-51.6226,-69.2181,48.2,53,20,20.71,few clouds
77,Kendari,ID,-3.945,122.4989,76.01,94,88,2.62,overcast clouds
78,Akdepe,TM,42.0551,59.3788,51.8,87,0,20.71,clear sky
79,Moses Lake,US,47.1301,-119.2781,66.2,20,1,6.91,clear sky
80,Bonavista,CA,48.6499,-53.1147,44.6,81,98,5.75,overcast clouds
81,Pandan,PH,14.0453,124.1694,78.53,80,20,8.79,few clouds
82,Qaanaaq,GL,77.484,-69.3632,-15.56,87,100,6.58,overcast clouds
83,Butaritari,KI,3.0707,172.7902,82.99,76,99,16.04,overcast clouds
84,Uruzgan,AF,32.8333,66.0,63.3,35,100,3.29,overcast clouds
85,Port Hardy,CA,50.6996,-127.4199,41.0,93,90,11.5,light rain
86,Luwuk,ID,-0.9516,122.7875,78.82,80,99,3.65,overcast clouds
87,Vanimo,PG,-2.6741,141.3028,76.98,89,100,4.88,overcast clouds
88,Sisimiut,GL,66.9395,-53.6735,8.69,67,26,13.15,scattered clouds
89,Aitape,PG,-3.1374,142.3475,77.29,86,100,3.15,overcast clouds
90,Ancud,CL,-41.8697,-73.8203,62.6,59,0,6.91,clear sky
91,Lluta,PE,-16.0147,-72.0142,62.6,55,75,9.22,broken clouds
92,Gurlan,UZ,41.8447,60.3919,51.8,87,90,13.8,overcast clouds
93,Gravdal,NO,68.1214,13.5031,35.06,92,100,14.88,light snow
94,Mount Gambier,AU,-37.8333,140.7667,57.2,94,90,3.0,overcast clouds
95,Hilo,US,19.7297,-155.09,73.0,78,90,4.61,light rain
96,Meadow Lake,US,34.8014,-106.5436,81.0,16,40,1.5,scattered clouds
97,Bay Roberts,CA,47.5999,-53.2648,46.0,82,72,5.01,broken clouds
98,Palmer,US,42.1584,-72.3287,51.01,16,20,5.75,few clouds
99,Atuona,PF,-9.8,-139.0333,80.69,75,97,12.84,overcast clouds
100,Mount Isa,AU,-20.7333,139.5,62.6,67,0,2.3,clear sky
101,Cape Town,ZA,-33.9258,18.4232,64.99,88,0,5.75,clear sky
102,Vaini,TO,-21.2,-175.2,75.2,73,90,8.05,light rain
103,Port Macquarie,AU,-31.4333,152.9167,64.0,100,90,3.44,overcast clouds
104,Banikoara,BJ,11.2985,2.4386,83.21,10,17,3.83,few clouds
105,Tuatapere,NZ,-46.1333,167.6833,66.0,62,66,13.0,broken clouds
106,Lanzhou,CN,36.0564,103.7922,45.0,99,97,1.01,overcast clouds
107,Tuktoyaktuk,CA,69.4541,-133.0374,-7.6,77,20,6.91,few clouds
108,Hermanus,ZA,-34.4187,19.2345,64.0,84,0,5.01,clear sky
109,Saint-Philippe,RE,-21.3585,55.7679,77.0,78,0,8.05,clear sky
110,Longyearbyen,SJ,78.2186,15.6401,21.2,68,75,13.8,broken clouds
111,Dikson,RU,73.5069,80.5464,-20.33,86,49,4.92,scattered clouds
112,Husavik,IS,66.0449,-17.3389,32.0,100,90,20.71,light snow
113,Tiksi,RU,71.6872,128.8694,-13.43,100,100,6.11,overcast clouds
114,Nova Soure,BR,-11.2333,-38.4833,78.87,64,8,16.8,light rain
115,Arman,RU,59.7,150.1667,20.55,61,100,15.52,overcast clouds
116,College,US,64.8569,-147.8028,26.01,79,90,4.61,snow
117,Avarua,CK,-21.2078,-159.775,84.2,79,20,13.8,few clouds
118,Saint Paul,US,44.9444,-93.0933,71.6,23,1,12.66,clear sky
119,Provideniya,RU,64.3833,-173.3,8.53,83,100,10.16,overcast clouds
120,Marsh Harbour,BS,26.5412,-77.0636,67.86,57,4,24.63,clear sky
121,Shipitsyno,RU,61.2806,46.5208,25.3,97,92,2.91,overcast clouds
122,Saint George,US,37.1041,-113.5841,88.0,13,1,4.61,clear sky
123,Turgoyak,RU,55.15,60.1183,30.83,97,100,3.58,overcast clouds
124,Sao Caetano De Odivelas,BR,-0.75,-48.02,74.93,94,100,6.73,overcast clouds
125,Haines Junction,CA,60.7522,-137.5108,30.2,31,99,4.61,overcast clouds
126,Del Rio,US,29.3627,-100.8968,69.8,60,90,19.57,overcast clouds
127,Bataipora,BR,-22.2953,-53.2711,77.86,53,100,8.28,overcast clouds
128,Mitzic,GA,0.7821,11.549,70.48,97,100,2.62,overcast clouds
129,Kahului,US,20.8947,-156.47,78.8,57,40,18.41,scattered clouds
130,Petropavlovsk-Kamchatskiy,RU,53.0452,158.6483,33.8,93,90,17.9,light rain and snow
131,Tautira,PF,-17.7333,-149.15,86.0,74,40,5.75,light rain
132,Lompoc,US,34.6391,-120.4579,61.0,59,6,13.8,clear sky
133,Zhanaozen,KZ,43.3,52.8,43.57,72,8,12.26,clear sky
134,Basudebpur,IN,21.1353,86.7386,74.68,85,3,5.93,clear sky
135,Touros,BR,-5.1989,-35.4608,75.2,100,75,4.61,mist
136,Leningradskiy,RU,69.3833,178.4167,-9.44,89,100,4.65,overcast clouds
137,Souillac,MU,-20.5167,57.5167,78.8,89,40,1.14,scattered clouds
138,Richards Bay,ZA,-28.783,32.0377,71.19,59,93,10.36,overcast clouds
139,Quarai,BR,-30.3875,-56.4514,71.64,66,60,8.95,broken clouds
140,Sherlovaya Gora,RU,50.5667,116.25,27.79,64,60,10.16,broken clouds
141,Bathsheba,BB,13.2167,-59.5167,80.6,54,40,20.71,scattered clouds
142,Chuy,UY,-33.6971,-53.4616,65.66,77,8,7.43,clear sky
143,Manali,IN,13.1667,80.2667,82.4,83,20,10.36,mist
144,Srednekolymsk,RU,67.45,153.6833,-3.75,87,59,3.74,broken clouds
145,Sakaiminato,JP,35.55,133.2333,60.8,82,75,6.91,broken clouds
146,Itarema,BR,-2.9248,-39.9167,80.02,80,32,12.59,scattered clouds
147,Butembo,CD,0.15,29.2833,57.83,95,84,1.23,light rain
148,Aktau,KZ,43.65,51.2,44.6,87,0,11.18,clear sky
149,Kamenka,RU,51.3223,42.7678,35.01,94,100,10.94,overcast clouds
150,Taganak,PH,6.0833,118.3,78.8,94,40,2.3,scattered clouds
151,Vikulovo,RU,56.8167,70.6107,28.81,89,100,9.35,overcast clouds
152,Kutum,SD,14.2,24.6667,69.8,14,91,12.46,overcast clouds
153,Port Elizabeth,ZA,-33.918,25.5701,62.6,82,20,8.05,few clouds
154,Yellowknife,CA,62.456,-114.3525,9.0,61,20,6.91,few clouds
155,Chokurdakh,RU,70.6333,147.9167,-14.71,99,65,5.46,broken clouds
156,Castro,BR,-24.7911,-50.0119,60.49,85,12,3.56,few clouds
157,Beloha,MG,-25.1667,45.05,69.94,87,0,3.98,clear sky
158,New Norfolk,AU,-42.7826,147.0587,59.0,52,13,4.0,few clouds
159,Comodoro Rivadavia,AR,-45.8667,-67.5,75.2,38,0,6.91,clear sky
160,San-Pedro,CI,4.7485,-6.6363,79.32,88,12,6.44,few clouds
161,Portland,US,45.5234,-122.6762,66.99,42,75,3.44,broken clouds
162,Cabo San Lucas,MX,22.8909,-109.9124,87.8,30,20,5.75,few clouds
163,Trincomalee,LK,8.5711,81.2335,78.62,71,45,11.99,scattered clouds
164,Henties Bay,NA,-22.116,14.2845,64.0,86,2,3.0,clear sky
165,Bluff,NZ,-46.6,168.3333,66.0,62,67,13.0,broken clouds
166,Luderitz,NA,-26.6481,15.1594,72.12,51,0,14.05,clear sky
167,Tateyama,JP,34.9833,139.8667,63.0,80,76,3.0,broken clouds
168,Long,TH,18.0761,99.8326,74.75,82,62,2.08,light rain
169,Yeppoon,AU,-23.1333,150.7333,71.6,88,90,8.05,light rain
170,Roswell,US,34.0232,-84.3616,64.0,27,1,8.05,clear sky
171,Shimoda,JP,34.6667,138.95,62.01,75,81,7.9,broken clouds
172,Lavrentiya,RU,65.5833,-171.0,5.77,83,99,10.74,overcast clouds
173,Bethel,US,41.3712,-73.414,50.0,21,8,3.0,clear sky
174,Murgab,TM,37.4966,61.9714,57.2,67,75,18.41,light rain
175,Gamba,GA,-2.65,10.0,77.45,89,100,3.38,moderate rain
176,Verkhnyaya Inta,RU,65.9811,60.3094,13.05,95,88,5.41,overcast clouds
177,Kruisfontein,ZA,-34.0033,24.7314,59.0,85,16,4.43,few clouds
178,Lasa,IT,46.6166,10.7002,53.6,69,0,6.91,clear sky
179,Tumen,CN,42.9661,129.8425,34.77,46,100,3.15,overcast clouds
180,Sheridan,US,44.8333,-106.9173,73.0,14,1,1.86,clear sky
181,San Patricio,US,28.017,-97.5169,73.0,60,75,18.41,broken clouds
182,Kapaa,US,22.0752,-159.319,78.8,65,40,18.41,light rain
183,Yeniseysk,RU,58.4497,92.1703,31.98,93,100,6.04,overcast clouds
184,Flinders,AU,-34.5833,150.8552,64.0,90,16,7.16,few clouds
185,Bismarck,US,46.8083,-100.7837,78.8,14,1,18.41,clear sky
186,Kasempa,ZM,-13.4584,25.8338,63.63,76,51,4.61,broken clouds
187,Port Alfred,ZA,-33.5906,26.891,63.39,79,95,16.28,overcast clouds
188,Guiglo,CI,6.5456,-7.4966,76.6,78,64,3.09,broken clouds
189,Mahon,ES,39.8885,4.2658,55.4,71,0,3.44,clear sky
190,Kozhva,RU,65.1073,57.0459,15.82,98,69,1.74,broken clouds
191,Alice Springs,AU,-23.7,133.8833,57.2,77,0,5.75,clear sky
192,Champerico,GT,14.3,-91.9167,87.8,70,75,13.8,broken clouds
193,Yulara,AU,-25.2406,130.9889,64.4,52,0,6.91,clear sky
194,Xalpatlahuac,MX,17.4667,-98.6167,83.75,17,1,4.36,clear sky
195,Valparaiso,CL,-33.0393,-71.6273,60.8,72,4,3.44,clear sky
196,Tokmak,UA,47.2514,35.7058,40.53,78,100,4.63,overcast clouds
197,Vulcan,RO,45.3833,23.2667,35.6,93,99,5.03,overcast clouds
198,Maxixe,MZ,-23.8597,35.3472,74.01,83,63,8.57,broken clouds
199,Guadalajara,MX,20.6667,-103.3333,88.0,16,40,5.75,scattered clouds
200,Hare Bay,CA,48.8499,-54.0148,50.0,81,96,5.75,overcast clouds
201,Manggar,ID,-2.8833,108.2667,78.64,85,63,5.46,broken clouds
202,Ponta Do Sol,PT,32.6667,-17.1,62.6,63,75,4.61,broken clouds
203,Chumikan,RU,54.7183,135.315,19.0,70,100,19.71,overcast clouds
204,Guerrero Negro,MX,27.9769,-114.0611,68.58,60,0,18.05,clear sky
205,Bengkulu,ID,-3.8004,102.2655,77.94,78,92,15.61,overcast clouds
206,San Quintin,MX,30.4833,-115.95,67.19,63,3,17.31,clear sky
207,Ahipara,NZ,-35.1667,173.1667,67.64,66,0,3.56,clear sky
208,Frome,GB,51.2283,-2.3221,41.0,72,0,1.01,clear sky
209,Aljezur,PT,37.3191,-8.8033,56.79,94,34,9.71,scattered clouds
210,Komlo,HU,46.1928,18.2649,39.11,63,0,9.78,clear sky
211,Oncesti,RO,46.4667,27.25,39.2,93,90,8.05,light rain
212,Torbay,CA,47.6666,-52.7314,39.0,93,90,8.05,overcast clouds
213,Broken Hill,AU,-31.95,141.4333,60.8,59,0,5.73,clear sky
214,Ulladulla,AU,-35.35,150.4667,66.2,68,28,14.97,scattered clouds
215,Saint Anthony,US,45.0205,-93.218,70.0,13,1,5.75,clear sky
216,Bom Jesus,BR,-9.0744,-44.3586,80.11,59,52,1.97,broken clouds
217,Kokopo,PG,-4.352,152.2633,81.55,73,96,3.42,light rain
218,Kokoda,PG,-8.8785,147.7407,74.05,98,100,0.11,overcast clouds
219,Ucluelet,CA,48.9329,-125.5528,46.4,93,90,16.11,mist
220,Bukama,CD,-9.2,25.85,69.22,89,16,1.23,few clouds
221,Brae,GB,60.3964,-1.353,46.4,81,90,21.85,overcast clouds
222,Mersing,MY,2.4312,103.8405,77.0,94,81,3.44,broken clouds
223,Deder,ET,9.3167,41.45,58.23,41,0,3.6,clear sky
224,Harsud,IN,22.1,76.7333,81.75,15,2,1.97,clear sky
225,Marawi,PH,7.9986,124.2928,68.25,95,90,0.51,overcast clouds
226,Tabou,CI,4.423,-7.3528,78.94,88,24,7.25,few clouds
227,Walvis Bay,NA,-22.9575,14.5053,69.8,64,3,5.75,clear sky
228,Tambovka,RU,50.0969,128.0489,23.0,58,20,6.91,few clouds
229,Los Banos,PH,14.1667,121.1833,79.0,73,20,2.3,few clouds
230,Great Falls,US,47.5002,-111.3008,71.01,13,1,21.85,clear sky
231,Roebourne,AU,-20.7833,117.1333,81.39,42,58,6.91,broken clouds
232,Georgetown,MY,5.4112,100.3354,81.0,94,40,6.91,light rain
233,Sinnamary,GF,5.3833,-52.95,77.38,90,93,12.88,light rain
234,Winton,US,37.3894,-120.6133,75.2,33,1,9.22,clear sky
235,West Wendover,US,40.7391,-114.0733,69.8,13,1,5.75,clear sky
236,Filadelfia,US,39.9523,-75.1638,53.01,19,75,8.55,broken clouds
237,San Miguel,SV,13.4833,-88.1833,98.6,36,20,2.3,few clouds
238,Namie,JP,37.4833,141.0,61.0,71,43,8.61,scattered clouds
239,Alofi,NU,-19.0595,-169.9187,84.2,74,87,8.05,overcast clouds
240,Hirara,JP,24.8,125.2833,73.24,81,98,24.14,overcast clouds
241,Chimbote,PE,-9.0853,-78.5783,74.32,72,21,9.01,few clouds
242,Goundam,ML,16.4145,-3.6708,82.36,6,4,8.72,clear sky
243,Chino Valley,US,34.7575,-112.4538,82.99,15,0,3.0,clear sky
244,Dunmanway,IE,51.7167,-9.1167,41.0,93,20,3.44,few clouds
245,Iquique,CL,-20.2208,-70.1431,68.0,73,90,4.61,overcast clouds
246,Conceicao Do Araguaia,BR,-8.2578,-49.2647,78.03,82,99,1.25,overcast clouds
247,Hualmay,PE,-11.0964,-77.6139,72.66,75,82,7.29,broken clouds
248,Saskylakh,RU,71.9167,114.0833,-28.08,100,76,2.33,broken clouds
249,Grand Gaube,MU,-20.0064,57.6608,79.0,83,11,3.0,light rain
250,Mayumba,GA,-3.432,10.6554,78.44,88,100,4.9,moderate rain
251,Yekaterinoslavka,RU,50.3734,129.1139,28.69,51,33,6.31,scattered clouds
252,Mehamn,NO,71.0357,27.8492,34.38,98,100,21.43,light snow
253,Laguna De Perlas,NI,12.3429,-83.6712,84.2,70,40,9.22,scattered clouds
254,Curup,ID,-3.4667,102.5333,67.17,96,98,1.59,overcast clouds
255,Batagay,RU,67.6333,134.6333,-6.95,96,100,4.09,overcast clouds
256,Cheremukhovo,RU,60.3484,59.9851,25.18,95,95,3.85,overcast clouds
257,Kavieng,PG,-2.5744,150.7967,82.27,75,75,2.91,light rain
258,Turkmenabat,TM,39.0733,63.5786,68.0,32,90,16.11,dust
259,Quatre Cocos,MU,-20.2078,57.7625,79.0,89,40,1.14,light rain
260,Sorland,NO,67.667,12.6934,36.32,97,100,15.7,light rain
261,Ulaangom,MN,49.9811,92.0667,28.38,47,0,1.12,clear sky
262,Dalvik,IS,65.9702,-18.5286,32.0,100,90,20.71,snow
263,Pochutla,MX,15.7432,-96.4661,89.29,38,0,8.5,clear sky
264,Pevek,RU,69.7008,170.3133,-15.23,97,97,5.97,overcast clouds
265,Makakilo City,US,21.3469,-158.0858,80.6,54,1,11.5,clear sky
266,Clearwater,US,27.9659,-82.8001,73.99,35,75,5.75,broken clouds
267,Itambe,BR,-15.245,-40.6244,72.0,94,86,3.56,overcast clouds
268,Alizai,PK,33.5383,70.3462,62.38,25,59,1.28,broken clouds
269,Yarim,YE,14.298,44.3779,56.39,57,73,1.41,broken clouds
270,Jiuquan,CN,39.7432,98.5174,41.05,81,100,2.8,overcast clouds
271,Chicla,PE,-11.705,-76.2686,44.53,93,100,2.75,overcast clouds
272,Coihaique,CL,-45.5752,-72.0662,55.4,62,75,13.8,broken clouds
273,Monrovia,LR,6.3005,-10.7969,78.8,94,20,8.25,mist
274,Ponta Delgada,PT,37.7333,-25.6667,60.8,82,75,20.71,broken clouds
275,Qandala,SO,11.472,49.8728,79.21,59,55,3.02,broken clouds
276,Yoichi,JP,43.2039,140.7703,42.8,93,75,9.22,moderate rain
277,Deniliquin,AU,-35.5333,144.9667,69.13,49,0,1.52,clear sky
278,Pasighat,IN,28.0667,95.3333,65.41,60,29,5.5,scattered clouds
279,Aden,YE,12.7794,45.0367,80.73,63,58,5.91,broken clouds
280,Mosquera,CO,4.7059,-74.2302,64.4,72,75,8.05,broken clouds
281,Salalah,OM,17.0151,54.0924,78.8,83,0,3.44,clear sky
282,Hofn,IS,64.2539,-15.2082,40.64,90,83,16.51,broken clouds
283,Palmas,BR,-10.2128,-48.3603,87.8,62,20,2.3,few clouds
284,Mardin,TR,37.3131,40.7436,50.0,62,0,4.61,clear sky
285,Agadez,NE,19.75,10.25,71.31,11,1,5.91,clear sky
286,Nanortalik,GL,60.1432,-45.2371,35.74,99,100,2.68,light rain
287,Belmonte,BR,-15.8631,-38.8828,77.0,88,75,1.14,broken clouds
288,Olinda,BR,-8.0089,-34.8553,78.8,78,75,11.5,broken clouds
289,Bud,US,39.447,-86.1758,64.4,24,1,13.8,clear sky
290,North Bend,US,43.4065,-124.2243,60.01,71,1,14.97,clear sky
291,Plettenberg Bay,ZA,-34.0527,23.3716,64.94,58,22,4.85,few clouds
292,Chapais,CA,49.7834,-74.8492,39.2,20,1,5.75,clear sky
293,Lowestoft,GB,52.4752,1.7516,43.0,77,93,4.0,overcast clouds
294,Dubovskoye,RU,47.4092,42.7575,47.44,88,100,14.58,overcast clouds
295,Mezen,RU,65.8522,44.24,19.65,97,65,1.9,broken clouds
296,Manjacaze,MZ,-24.7117,33.8828,71.73,80,50,9.42,light rain
297,Barrow,US,71.2906,-156.7887,-16.6,83,40,3.44,mist
298,Tepechitlan,MX,21.6667,-103.3333,80.24,25,99,1.9,overcast clouds
299,Kalmunai,LK,7.4167,81.8167,78.73,86,79,5.95,broken clouds
300,Bull Savanna,JM,17.8868,-77.5902,78.4,66,67,6.46,broken clouds
301,Gigmoto,PH,13.7796,124.39,79.25,79,73,7.7,broken clouds
302,Cabul-An,PH,10.15,124.05,77.0,88,40,4.61,scattered clouds
303,Kiama,AU,-34.6833,150.8667,64.0,90,10,8.25,clear sky
304,Porto Novo,BJ,6.4965,2.6036,84.2,84,20,12.66,few clouds
305,Banda Aceh,ID,5.5577,95.3222,79.47,76,88,11.54,overcast clouds
306,Salina Cruz,MX,16.1667,-95.2,87.6,37,0,28.92,clear sky
307,Karnobat,BG,42.65,26.9833,51.8,100,90,1.14,mist
308,Ust-Ishim,RU,57.6935,71.1665,29.77,92,100,6.76,overcast clouds
309,Sakakah,SA,29.9697,40.2064,57.2,24,0,5.75,clear sky
310,Ajdabiya,LY,30.7554,20.2263,72.14,23,6,13.13,clear sky
311,New Milford,US,40.9327,-74.0179,55.0,20,1,6.91,clear sky
312,Faanui,PF,-16.4833,-151.75,81.63,73,12,8.25,few clouds
313,Constitucion,CL,-35.3333,-72.4167,61.77,70,6,9.93,clear sky
314,Sestroretsk,RU,60.098,29.9638,35.01,80,0,4.47,light snow
315,Ambilobe,MG,-13.2,49.05,73.13,94,1,3.06,clear sky
316,Nizwa,OM,22.9333,57.5333,78.96,15,0,4.14,clear sky
317,Gladstone,AU,-23.85,151.25,71.6,88,90,17.27,light rain
318,Yumen,CN,40.2833,97.2,41.99,75,100,13.49,overcast clouds
319,Salinopolis,BR,-0.6136,-47.3561,76.53,94,100,12.44,light rain
320,Poum,NC,-20.2333,164.0167,79.95,83,86,16.15,overcast clouds
321,Gat,IL,31.61,34.7642,57.0,91,0,1.99,clear sky
322,Nome,US,64.5011,-165.4064,21.2,79,90,6.91,light snow
323,Necochea,AR,-38.5473,-58.7368,73.0,59,60,10.0,broken clouds
324,Mana,GF,5.6592,-53.7767,77.31,89,100,11.27,overcast clouds
325,Benguela,AO,-12.5763,13.4055,80.28,84,65,1.07,broken clouds
326,Ossora,RU,59.2353,163.0719,9.18,75,68,3.56,broken clouds
327,Flin Flon,CA,54.7682,-101.865,48.2,31,40,10.36,scattered clouds
328,Belaya Gora,RU,68.5333,146.4167,-8.5,96,54,1.9,broken clouds
329,Ipu,BR,-4.3222,-40.7108,76.59,80,80,3.98,heavy intensity rain
330,Saint-Pierre,RE,-21.3393,55.4781,77.0,78,0,8.05,clear sky
331,Jacareacanga,BR,-6.2222,-57.7528,75.74,95,67,2.55,light rain
332,Beidao,CN,34.5686,105.8933,43.11,91,100,2.98,overcast clouds
333,Yatou,CN,37.15,122.3833,42.58,49,13,20.2,few clouds
334,Gornyy,RU,55.1153,83.9059,17.94,95,21,6.78,few clouds
335,Vardo,NO,70.3705,31.1107,33.76,80,100,29.28,overcast clouds
336,Vagur,FO,61.4732,-6.8119,45.05,86,6,31.85,clear sky
337,Charters Towers,AU,-20.1,146.2667,69.55,85,96,12.28,overcast clouds
338,Hailar,CN,49.2,119.7,31.46,48,59,12.71,broken clouds
339,Luanda,AO,-8.8368,13.2343,78.8,94,75,2.3,moderate rain
340,Port Lincoln,AU,-34.7333,135.8667,66.69,80,0,5.37,moderate rain
341,Longkou,CN,37.6508,120.3286,43.12,61,0,15.39,clear sky
342,Bahia Honda,CU,22.9036,-83.1592,74.25,56,61,18.19,broken clouds
343,Halifax,CA,44.6453,-63.5724,36.0,80,100,9.22,overcast clouds
344,Youghal,IE,51.95,-7.8506,45.0,93,20,3.44,few clouds
345,Adra,ES,36.7496,-3.0206,63.0,67,0,4.61,clear sky
346,Sao Sebastiao,BR,-23.76,-45.4097,72.86,86,67,2.24,broken clouds
347,Warangal,IN,18.0,79.5833,80.76,59,62,10.96,broken clouds
348,Padang,ID,-0.9492,100.3543,71.6,100,75,4.61,broken clouds
349,Latung,PH,5.5,120.8833,82.36,76,90,4.74,overcast clouds
350,Lewiston,US,44.1003,-70.2148,46.99,17,1,8.05,clear sky
351,Buala,SB,-8.145,159.5921,84.6,71,97,8.55,overcast clouds
352,Hami,CN,42.8,93.45,50.09,14,100,4.94,overcast clouds
353,Kirakira,SB,-10.4544,161.9205,84.92,73,71,7.65,broken clouds
354,Pangai,TO,-19.8,-174.35,80.6,89,75,4.61,light rain
355,Ternate,ID,0.8,127.4,80.73,83,48,7.76,scattered clouds
356,Narsaq,GL,60.9167,-46.05,37.4,87,75,3.44,light rain
357,Zamora,EC,-4.0692,-78.9567,73.33,96,86,3.06,moderate rain
358,Mahibadhoo,MV,3.7833,72.9667,82.15,76,12,11.07,few clouds
359,Usevya,TZ,-7.1,31.2333,65.59,95,23,2.77,few clouds
360,Mut,TR,36.6439,33.4389,52.72,84,21,3.98,few clouds
361,Saiha,IN,22.4833,92.9667,62.91,32,0,4.07,clear sky
362,Pangody,RU,65.85,74.4859,27.75,93,100,6.89,overcast clouds
363,Aktyubinskiy,RU,54.8137,52.8056,31.42,94,100,5.84,overcast clouds
364,Clyde River,CA,70.4692,-68.5914,-9.4,77,20,2.3,few clouds
365,Ust-Maya,RU,60.4167,134.5333,-3.03,95,50,2.73,scattered clouds
366,Nantucket,US,41.2835,-70.0995,37.0,43,0,1.92,clear sky
367,Laguna,US,38.421,-121.4238,71.01,37,1,10.36,clear sky
368,Alikalia,SL,9.1667,-11.4,78.37,64,81,4.83,broken clouds
369,Tarko-Sale,RU,64.9225,77.785,29.34,92,100,6.96,overcast clouds
370,Qesarya,IL,32.5189,34.9046,55.4,76,0,2.3,clear sky
371,Albion,US,42.2431,-84.753,66.2,30,1,17.27,clear sky
372,Skagen,DK,57.7209,10.5839,42.01,74,6,7.0,clear sky
373,Avera,US,33.194,-82.5271,64.4,25,1,5.75,clear sky
374,Orlik,RU,52.5178,99.825,8.24,93,47,3.24,scattered clouds
375,Wenling,CN,28.3669,121.36,60.01,85,100,1.01,overcast clouds
376,Tankhoy,RU,51.5528,105.1306,30.43,72,45,5.86,scattered clouds
377,Nouadhibou,MR,20.931,-17.0347,66.2,77,98,17.27,sand
378,Shelburne,CA,44.0787,-80.2041,39.99,72,100,1.99,overcast clouds
379,Bethanien,NA,-26.502,17.1583,80.38,20,83,7.36,broken clouds
380,Taiyuan,CN,37.8694,112.5603,37.4,87,75,1.59,broken clouds
381,Shubarshi,KZ,48.5872,57.1869,34.39,97,86,10.76,overcast clouds
382,Buraydah,SA,26.326,43.975,62.6,31,0,11.5,clear sky
383,General Roca,AR,-39.0333,-67.5833,80.6,44,0,4.61,clear sky
384,Viedma,AR,-40.8135,-62.9967,76.77,40,22,8.55,few clouds
385,Fortuna,US,40.5982,-124.1573,57.99,76,40,8.05,scattered clouds
386,San Jose,US,37.3394,-121.895,66.0,48,75,6.91,broken clouds
387,Hohhot,CN,40.8106,111.6522,28.4,59,0,2.24,clear sky
388,Ostrovnoy,RU,68.0531,39.5131,19.49,93,81,11.86,broken clouds
389,Hovd,MN,48.0056,91.6419,28.76,30,0,1.43,clear sky
390,Bagotville,AU,-28.9833,153.4167,69.8,88,90,3.44,light rain
391,Pirassununga,BR,-21.9961,-47.4258,80.6,57,0,6.91,clear sky
392,Erenhot,CN,43.6475,111.9767,34.48,32,32,8.43,scattered clouds
393,Namatanai,PG,-3.6667,152.4333,83.32,68,98,2.26,light rain
394,Edmundston,CA,47.3737,-68.3251,33.8,55,96,3.44,overcast clouds
395,Klaksvik,FO,62.2266,-6.589,44.6,87,75,21.85,broken clouds
396,Itupiranga,BR,-5.1347,-49.3267,84.2,79,20,2.84,few clouds
397,Saint-Georges,GD,12.0564,-61.7485,82.4,69,40,24.16,scattered clouds
398,Dingle,PH,10.9995,122.6711,75.07,90,91,7.09,overcast clouds
399,Nador,MA,35.174,-2.9287,62.6,67,0,3.44,clear sky
400,Angoche,MZ,-16.2325,39.9086,76.95,87,47,6.4,light rain
401,Alekseyevsk,RU,57.8406,108.3492,28.54,96,100,7.27,light snow
402,Boone,US,39.0334,-92.3335,75.2,23,0,9.22,clear sky
403,Half Moon Bay,US,37.4636,-122.4286,63.0,67,1,8.05,haze
404,Port Moresby,PG,-9.4431,147.1797,75.2,88,90,11.5,overcast clouds
405,Isangel,VU,-19.55,169.2667,82.4,83,90,16.75,overcast clouds
406,Saint John,CA,45.2727,-66.0677,41.0,33,40,13.8,scattered clouds
407,Vila Velha,BR,-20.3297,-40.2925,78.8,78,75,6.91,broken clouds
408,Miandrivazo,MG,-19.5167,45.4667,76.08,87,43,1.63,scattered clouds
409,Bambous Virieux,MU,-20.3428,57.7575,79.0,89,40,1.14,light rain
410,Harrisburg,US,40.2737,-76.8844,55.0,22,1,9.22,clear sky
411,Bowling Green,US,36.9903,-86.4436,62.6,23,1,4.61,clear sky
412,Emerald,AU,-23.5333,148.1667,69.8,88,75,12.66,broken clouds
413,Sabha,LY,27.0377,14.4283,69.78,15,0,9.91,clear sky
414,Bang Saphan,TH,11.2126,99.5117,76.68,90,100,4.43,overcast clouds
415,Vallenar,CL,-28.5708,-70.7581,76.55,39,100,5.88,overcast clouds
416,Monmouth,US,40.3001,-74.1663,53.01,20,1,3.44,clear sky
417,Camacha,PT,33.0833,-16.3333,60.8,63,20,8.05,few clouds
418,Boguchany,RU,58.3814,97.4531,30.79,88,100,9.82,overcast clouds
419,Macomb,US,40.4592,-90.6718,71.6,30,1,16.11,clear sky
420,Paamiut,GL,61.994,-49.6678,31.73,97,100,4.05,light snow
421,Merauke,ID,-8.4667,140.3333,77.22,87,100,12.82,light rain
422,Dunedin,NZ,-45.8742,170.5036,66.09,47,75,10.51,broken clouds
423,Nacimiento,CL,-37.5,-72.6667,78.8,34,0,8.05,clear sky
424,Arraial Do Cabo,BR,-22.9661,-42.0278,78.8,73,20,5.75,few clouds
425,Bosaso,SO,11.2842,49.1816,78.46,64,39,2.98,scattered clouds
426,Nyurba,RU,63.2842,118.3319,-25.01,100,100,1.32,overcast clouds
427,Nemuro,JP,43.3236,145.575,34.93,97,100,14.29,snow
428,Rondonopolis,BR,-16.4708,-54.6356,84.79,53,98,2.51,overcast clouds
429,Sargur,IN,11.9833,76.4167,69.19,84,58,3.65,broken clouds
430,Venado,MX,22.9333,-101.0833,75.94,19,54,16.64,broken clouds
431,Nikki,BJ,9.9401,3.2108,82.42,13,27,1.72,scattered clouds
432,Tarpon Springs,US,28.1461,-82.7568,73.0,37,90,3.44,overcast clouds
433,Aguie,NE,13.506,7.7786,75.22,9,0,8.99,clear sky
434,Nogent-Le-Rotrou,FR,48.3333,1.0,42.8,70,0,8.05,clear sky
435,San Cristobal,VE,7.7669,-72.225,84.2,65,40,10.36,scattered clouds
436,Qinhuangdao,CN,39.9317,119.5883,44.33,28,0,7.85,clear sky
437,De-Kastri,RU,51.4667,140.7833,27.39,70,95,14.72,overcast clouds
438,Casablanca,MA,33.5928,-7.6192,62.01,87,0,2.3,clear sky
439,Nago,JP,26.5881,127.9761,71.01,94,90,13.8,overcast clouds
440,Olden,NO,61.8364,6.8064,37.99,92,78,1.01,broken clouds
441,Faya,SA,18.3851,42.4509,66.2,72,0,1.43,clear sky
442,Decatur,US,39.8403,-88.9548,69.8,26,1,20.71,clear sky
443,Kenai,US,60.5544,-151.2583,32.0,74,90,3.53,overcast clouds
444,Erzin,TR,36.9559,36.2,60.01,84,39,1.52,scattered clouds
445,Berlevag,NO,70.8578,29.0864,33.35,94,100,24.29,light snow
446,Sao Filipe,CV,14.8961,-24.4956,73.49,73,16,11.56,few clouds
447,Cubuk,TR,40.2386,33.0322,51.8,62,40,6.91,scattered clouds
448,Skjervoy,NO,70.0311,20.9714,33.6,91,100,31.52,light snow
449,Shadegan,IR,30.6497,48.6647,64.4,48,0,11.5,clear sky
450,Louis Trichardt,ZA,-23.0439,29.9032,63.03,94,26,8.39,scattered clouds
451,Nelson Bay,AU,-32.7167,152.15,64.99,100,57,7.18,broken clouds
452,Hisua,IN,24.8333,85.4167,62.6,51,63,1.86,haze
453,Seoul,KR,37.5683,126.9778,51.8,81,75,10.36,light rain
454,Ranau,MY,5.9538,116.6641,77.0,94,20,4.61,few clouds
455,Pipirig,RO,47.25,26.0667,41.0,75,100,3.0,light rain
456,Sur,OM,22.5667,59.5289,83.86,42,2,12.86,clear sky
457,Oranjestad,AW,12.524,-70.027,82.4,74,20,20.71,few clouds
458,Te Anau,NZ,-45.4167,167.7167,59.95,73,41,11.5,scattered clouds
459,Vostok,RU,46.4856,135.8833,22.98,60,44,5.12,scattered clouds
460,Turukhansk,RU,65.8167,87.9833,11.52,92,98,11.05,overcast clouds
461,Sitka,US,57.0531,-135.33,37.4,93,90,4.61,light snow
462,Mogzon,RU,51.7435,111.9606,23.0,82,82,5.32,broken clouds
463,Trairi,BR,-3.2778,-39.2689,78.51,86,16,8.41,few clouds
464,Caravelas,BR,-17.7125,-39.2481,77.09,82,100,4.88,overcast clouds
465,Los Llanos De Aridane,ES,28.6585,-17.9182,66.2,63,75,6.91,broken clouds
466,Khotyn,UA,48.4833,26.5,37.99,76,99,8.81,overcast clouds
467,Aykhal,RU,66.0,111.5,-18.09,99,100,5.7,overcast clouds
468,Mahebourg,MU,-20.4081,57.7,78.8,89,40,1.14,scattered clouds
469,Skeldon,GY,5.8833,-57.1333,77.4,89,100,7.58,overcast clouds
470,Muleba,TZ,-1.8397,31.6544,68.0,88,0,5.01,light rain
471,Puerto Colombia,CO,10.9878,-74.9547,79.34,80,100,18.45,overcast clouds
472,Atasu,KZ,48.6814,71.6433,28.11,84,90,9.55,overcast clouds
473,Vaitape,PF,-16.5167,-151.75,81.63,73,10,8.41,clear sky
474,Rocha,UY,-34.4833,-54.3333,63.18,84,30,7.02,scattered clouds
475,Huancavelica,PE,-12.7667,-74.9833,42.98,79,95,8.55,light rain
476,Honavar,IN,14.2833,74.45,75.16,81,22,2.68,few clouds
477,Hanmer Springs,NZ,-42.5167,172.8167,62.69,38,43,8.68,scattered clouds
478,Sallanches,FR,45.9442,6.6316,39.0,77,2,4.14,clear sky
479,Phan Thiet,VN,10.9333,108.1,76.03,84,83,6.51,broken clouds
480,Luau,AO,-10.7073,22.2247,67.21,87,95,3.42,light rain
481,Santa Rosa,PH,14.3122,121.1114,79.0,73,20,2.3,few clouds
482,Gorlice,PL,49.6556,21.1604,33.01,89,72,10.0,broken clouds
483,Maiduguri,NG,11.8464,13.1603,79.39,12,54,9.4,broken clouds
484,Griffith,US,41.5284,-87.4237,69.8,32,1,18.41,clear sky
485,Vila Do Maio,CV,15.1333,-23.2167,77.0,50,0,16.11,clear sky
486,Hereford,GB,52.0568,-2.7148,44.01,84,6,3.33,clear sky
487,Arosa,CH,46.7779,9.6762,28.99,64,0,12.66,clear sky
488,Whitehorse,CA,60.7161,-135.0538,30.2,31,20,2.3,few clouds
489,Sao Joao Da Barra,BR,-21.6403,-41.0511,78.8,69,75,9.22,broken clouds
490,Kudahuvadhoo,MV,2.6708,72.8944,82.71,76,12,13.87,few clouds
491,Garissa,KE,-0.4536,39.6401,81.25,74,100,17.34,overcast clouds
492,Great Yarmouth,GB,52.6083,1.7305,43.0,75,90,9.22,overcast clouds
493,Samarai,PG,-10.6167,150.6667,83.71,76,99,17.07,overcast clouds
494,Thinadhoo,MV,0.5333,72.9333,82.65,76,44,16.17,scattered clouds
495,Taber,CA,49.8167,-112.1518,59.0,23,99,8.05,overcast clouds
496,Port Blair,IN,11.6667,92.75,79.27,76,87,4.27,overcast clouds
497,Uyuni,BO,-20.4597,-66.825,56.62,32,100,0.51,overcast clouds
498,Alappuzha,IN,9.49,76.3264,80.47,74,11,8.55,few clouds
499,Moose Factory,CA,51.2585,-80.6094,41.0,65,90,12.66,overcast clouds
500,Ust-Nera,RU,64.5667,143.2,5.61,96,100,5.61,overcast clouds
501,Robertsport,LR,6.7533,-11.3686,80.28,85,19,8.14,few clouds
502,Lokosovo,RU,61.1333,74.8167,35.26,89,100,13.49,overcast clouds
503,Araouane,ML,18.9048,-3.5265,83.05,5,1,9.71,clear sky
504,Sao Gabriel Da Cachoeira,BR,-0.1303,-67.0892,78.66,93,100,0.45,overcast clouds
505,Malm,NO,64.0721,11.2172,44.6,65,75,18.41,broken clouds
506,Okha,RU,53.5739,142.9478,22.95,91,100,32.5,light snow
507,Zarate,AR,-34.0981,-59.0286,73.99,51,72,3.0,broken clouds
508,Khajuraho,IN,24.85,79.9333,76.1,8,0,4.68,clear sky
509,Waingapu,ID,-9.6567,120.2641,78.4,90,100,11.39,heavy intensity rain
510,Vangaindrano,MG,-23.35,47.6,70.34,87,0,5.21,clear sky
511,Doka,SD,13.5167,35.7667,84.92,30,34,11.83,scattered clouds
512,Yermakovskoye,RU,53.2831,92.4003,25.65,94,85,2.42,overcast clouds
513,Noumea,NC,-22.2763,166.4572,78.8,78,75,8.05,broken clouds
514,Bereda,ES,43.2686,-7.5406,45.0,93,17,8.01,few clouds
515,Isla Mujeres,MX,21.2311,-86.731,80.6,54,40,13.8,scattered clouds
516,Luganville,VU,-15.5333,167.1667,83.73,79,100,10.65,light rain
517,Dongsheng,CN,39.8161,109.9776,35.11,28,100,8.93,overcast clouds
518,Zdvinsk,RU,54.7021,78.661,6.03,98,64,4.54,broken clouds
519,Zhigansk,RU,66.7697,123.3711,-12.75,99,97,4.63,overcast clouds
520,Flagstaff,US,35.1981,-111.6513,73.99,14,40,6.91,scattered clouds
521,Luang Prabang,LA,19.8856,102.1347,73.35,90,85,0.85,light rain
522,Sioux Lookout,CA,50.1001,-91.917,55.4,26,40,8.05,scattered clouds
523,Timbiqui,CO,2.7717,-77.6654,76.77,91,100,1.95,moderate rain
524,Camopi,GF,3.1655,-52.3158,74.14,98,94,3.47,moderate rain
525,Hambantota,LK,6.1241,81.1185,71.6,100,20,2.3,few clouds
526,Nadym,RU,65.5333,72.5167,28.58,97,100,5.41,overcast clouds
527,Verkhoyansk,RU,67.5447,133.385,-7.17,96,100,3.33,overcast clouds
528,Cockburn Town,TC,21.4612,-71.1419,78.8,69,40,17.27,scattered clouds
529,Meulaboh,ID,4.1363,96.1285,75.81,86,94,3.0,moderate rain
530,Mattru,SL,7.6244,-11.8332,79.09,82,6,3.87,clear sky
531,Ormara,PK,25.2088,64.6357,79.93,69,0,12.24,clear sky
532,Tazovskiy,RU,67.4667,78.7,24.28,97,99,8.28,light snow
533,Bogande,BF,12.9714,-0.1436,83.39,8,0,7.25,clear sky
534,Merrill,US,45.1805,-89.6835,71.6,15,1,10.36,clear sky
535,Cayenne,GF,4.9333,-52.3333,78.8,94,75,3.44,heavy intensity rain
536,Preobrazheniye,RU,42.9019,133.9064,36.52,56,100,5.61,overcast clouds
537,Tchollire,CM,8.4022,14.1698,81.07,14,91,2.71,overcast clouds
538,Labuan,MY,5.2767,115.2417,78.8,94,20,5.26,few clouds
539,Cabinda,AO,-5.55,12.2,79.34,87,100,3.31,overcast clouds
540,Show Low,US,34.2542,-110.0298,75.2,12,1,6.91,clear sky
541,Maldonado,UY,-34.6667,-54.9167,70.0,73,20,17.27,few clouds
542,Bandarbeyla,SO,9.4942,50.8122,78.12,78,87,0.89,overcast clouds
543,Novichikha,RU,52.204,81.3877,24.26,98,96,4.79,overcast clouds
544,Yerbogachen,RU,61.2767,108.0108,4.59,97,100,4.5,overcast clouds
545,Pauini,BR,-7.7136,-66.9764,78.15,92,99,1.14,light rain
546,Bambanglipuro,ID,-7.95,110.2833,76.5,89,99,3.09,overcast clouds
547,Evans,US,33.5337,-82.1307,64.0,20,1,6.91,clear sky
548,Senneterre,CA,48.3835,-77.2328,42.8,42,90,8.05,overcast clouds
549,Badou,TG,7.5833,0.6,79.29,71,100,3.89,overcast clouds
550,Guozhen,CN,34.3659,107.359,47.66,98,100,3.85,overcast clouds
551,San Fernando,PH,15.0286,120.6898,77.0,73,75,2.3,broken clouds
552,Marfino,RU,55.7028,37.3822,34.0,93,0,2.24,light snow
553,Nha Trang,VN,12.25,109.1833,78.8,78,20,3.44,few clouds
554,Bairiki,KI,1.3292,172.9752,84.2,74,20,10.36,light rain
555,Do Gonbadan,IR,30.3586,50.7981,51.8,43,75,4.9,broken clouds
556,Kozarmisleny,HU,46.0297,18.2921,43.0,58,0,11.16,clear sky
557,Gunjur,GM,13.2019,-16.7339,71.6,83,0,9.22,clear sky
558,Nuuk,GL,64.1835,-51.7216,21.2,79,75,20.71,broken clouds
559,Texarkana,US,33.4251,-94.0477,64.4,34,90,10.36,overcast clouds
560,Hat Yai,TH,7.0084,100.4767,78.8,100,40,3.18,scattered clouds
561,Ugoofaaru,MV,5.6667,73.0,82.69,71,8,9.33,clear sky
562,Gayeri,BF,12.6497,0.4931,84.81,8,3,7.27,clear sky
563,Okhotsk,RU,59.3833,143.3,24.15,77,100,12.06,overcast clouds
564,Ust-Ilimsk,RU,58.0006,102.6619,28.99,93,100,10.2,overcast clouds
565,Kapuskasing,CA,49.4169,-82.4331,42.8,65,100,8.05,overcast clouds
566,Zhicheng,CN,30.2956,111.5047,52.0,85,92,7.47,overcast clouds
567,Payo,ID,-3.7508,103.6372,71.71,96,100,1.61,overcast clouds
568,Nurlat,RU,54.4277,50.8051,33.3,97,100,8.7,snow
569,Ishigaki,JP,24.3448,124.1572,73.4,88,75,9.22,broken clouds
570,Anadyr,RU,64.75,177.4833,0.0,78,75,22.37,snow
571,Kalmanka,RU,52.8992,83.5433,28.4,74,0,4.47,clear sky
572,Sola,VU,-13.8833,167.55,84.2,89,75,5.75,broken clouds
573,Morales,CO,2.757,-76.6172,65.73,90,99,1.48,overcast clouds
574,Hit,IQ,33.6416,42.8251,61.2,35,0,5.77,clear sky
575,Hasaki,JP,35.7333,140.8333,59.0,94,0,3.44,clear sky
576,Luohe,CN,33.5717,114.0353,38.23,77,20,6.42,few clouds
577,Oyama,JP,36.3,139.8,64.0,77,75,10.36,broken clouds
578,Havre-Saint-Pierre,CA,50.2334,-63.5986,28.4,69,75,11.5,broken clouds
579,Le Port,RE,-20.9373,55.2919,78.8,78,78,13.8,broken clouds
580,Tual,ID,-5.6667,132.75,83.08,73,96,6.15,overcast clouds
581,Codrington,AU,-38.2667,141.9667,62.13,88,44,2.64,scattered clouds
582,Port Hedland,AU,-20.3167,118.5667,71.6,73,100,6.91,overcast clouds
583,Tabuk,PH,17.4189,121.4443,69.12,73,0,2.37,clear sky
584,Asau,RO,46.4333,26.4,37.0,68,100,2.19,light rain
585,Waitati,NZ,-45.75,170.5667,66.72,44,51,11.18,broken clouds
586,Waipawa,NZ,-41.4122,175.5153,62.6,72,75,27.63,broken clouds
587,Valley City,US,46.9233,-98.0032,71.6,15,1,18.41,clear sky
588,Kyren,RU,51.6828,102.1408,30.4,61,50,2.39,scattered clouds
589,Jalu,LY,29.0331,21.5482,69.58,18,1,10.27,clear sky
590,Khash,IR,28.2211,61.2158,71.11,19,2,13.85,clear sky
591,Pacific Grove,US,36.6177,-121.9166,60.8,51,90,11.5,overcast clouds
592,Deputatskiy,RU,69.3,139.9,-8.23,99,100,3.24,overcast clouds
593,Mabaruma,GY,8.2,-59.7833,74.84,95,93,5.88,overcast clouds
594,Kampot,KH,10.6167,104.1833,80.6,83,40,1.14,scattered clouds
595,Iskateley,RU,67.6803,53.1512,10.0,93,84,4.9,broken clouds
596,Houma,US,29.5958,-90.7195,69.01,45,1,6.91,clear sky
597,Santa Isabel Do Rio Negro,BR,-0.4139,-65.0192,77.97,94,100,2.59,light rain
598,Camocim,BR,-2.9022,-40.8411,78.13,89,72,11.99,broken clouds
599,Tessalit,ML,20.1986,1.0114,80.02,6,20,11.61,few clouds
600,Tignere,CM,7.3667,12.65,73.29,18,97,1.59,overcast clouds
601,Atherton,GB,53.5237,-2.4935,44.01,76,26,1.01,scattered clouds
602,Kuryk,KZ,43.2,51.65,46.65,80,52,8.95,broken clouds
603,Pak Phanang,TH,8.3511,100.202,78.13,80,100,5.75,overcast clouds
604,Atar,MR,20.5169,-13.0499,87.73,18,76,9.28,broken clouds
605,Nurota,UZ,40.5614,65.6886,64.4,55,87,20.71,overcast clouds
606,Iralaya,HN,15.0,-83.2333,86.0,70,40,9.22,scattered clouds
607,Aragats,AM,40.4889,44.3528,42.8,61,59,1.14,broken clouds
608,Zyryanka,RU,65.75,150.85,-7.55,98,99,5.44,overcast clouds
609,Bhadrachalam,IN,17.6667,80.8833,80.53,76,27,5.39,scattered clouds
610,Loandjili,CG,-4.7561,11.8578,73.4,100,75,4.61,light rain
611,Fairbanks,US,64.8378,-147.7164,26.01,93,90,3.44,snow
612,Nouakchott,MR,18.0858,-15.9785,77.0,61,0,14.97,clear sky
613,Daru,PG,-9.0763,143.2092,75.33,91,100,14.54,overcast clouds
614,Beitbridge,ZW,-22.2167,30.0,70.5,78,0,18.77,clear sky
615,Tezu,IN,27.9167,96.1667,68.72,37,66,4.05,broken clouds
616,Praya,CV,14.9215,-23.5087,77.0,50,0,16.11,clear sky
617,Kupang,ID,-10.1667,123.5833,77.0,94,90,10.36,overcast clouds
618,Carauari,BR,-4.8828,-66.8958,79.07,92,95,1.25,overcast clouds
619,Kysyl-Syr,RU,63.8986,122.7617,-11.78,99,100,2.15,overcast clouds
620,Rupert,US,42.6191,-113.6772,73.4,13,1,5.75,clear sky
621,Kidal,ML,18.4411,1.4078,79.77,7,1,10.76,clear sky
622,Otjiwarongo,NA,-20.4637,16.6477,66.31,50,0,10.13,clear sky
623,Iwanai,JP,42.9744,140.5089,39.06,93,100,0.18,light rain
624,Tynda,RU,55.1667,124.7167,0.41,97,91,2.1,overcast clouds
625,Pemangkat,ID,1.1667,108.9667,75.56,86,67,4.09,broken clouds
626,Swan River,CA,52.1058,-101.2676,50.0,37,99,5.75,overcast clouds
627,Aguimes,ES,27.9054,-15.4461,66.2,68,75,14.97,broken clouds
628,Nicoya,CR,10.1483,-85.452,91.4,38,0,24.16,clear sky
629,Pirgos,GR,35.1167,25.7178,55.99,78,2,10.33,clear sky
630,Yevlax,AZ,40.6089,47.1492,42.8,93,40,3.44,scattered clouds
631,Jiaonan,CN,35.8786,119.9753,39.2,56,0,8.95,clear sky
632,Antalaha,MG,-14.9003,50.2788,73.65,92,22,4.92,few clouds
633,Riorges,FR,46.0418,4.0497,43.0,70,0,6.91,clear sky
634,Fare,PF,-16.7,-151.0167,82.06,70,58,4.81,broken clouds
635,Vernon,CA,50.2581,-119.2691,59.0,35,100,2.3,overcast clouds
636,Margate,GB,51.3813,1.3862,44.01,65,81,7.0,broken clouds
637,Uyar,RU,55.81,94.3153,32.04,97,100,13.51,light snow
638,Eyl,SO,7.9803,49.8164,79.56,77,46,8.03,scattered clouds
639,Port-Gentil,GA,-0.7193,8.7815,77.0,94,20,5.75,few clouds
640,Huainan,CN,32.6264,116.9969,43.9,66,96,8.28,overcast clouds
641,Evensk,RU,61.95,159.2333,4.87,75,18,8.9,few clouds
642,Paita,PE,-5.0892,-81.1144,75.27,71,34,10.33,scattered clouds
643,Chicama,PE,-7.8447,-79.1469,73.4,78,75,6.91,fog
644,Acapulco,MX,16.8634,-99.8901,87.8,66,1,6.91,clear sky
645,Vestmannaeyjar,IS,63.4427,-20.2734,43.7,88,100,29.77,overcast clouds
646,Komsomolskiy,UZ,40.4272,71.7189,46.4,49,100,2.3,overcast clouds
647,Nabire,ID,-3.3667,135.4833,75.92,81,98,3.8,overcast clouds
648,Batemans Bay,AU,-35.7167,150.1833,64.0,93,3,1.01,clear sky
649,Bagli,IN,22.65,76.35,73.4,18,0,5.75,haze
650,Cururupu,BR,-1.8283,-44.8683,76.77,88,95,3.27,overcast clouds
651,Havoysund,NO,70.9963,24.6622,33.8,93,90,14.97,overcast clouds
652,Lata,PT,40.1629,-8.3327,57.99,89,6,4.0,clear sky
653,Tura,IN,25.5198,90.2201,70.12,33,3,2.91,clear sky
654,Ejura,GH,7.3856,-1.3562,86.22,45,97,6.8,overcast clouds
655,Rawson,AR,-43.3002,-65.1023,75.61,40,13,13.22,few clouds
656,Katsuura,JP,35.1333,140.3,64.0,80,71,3.0,broken clouds
657,Zabid,YE,14.1951,43.3152,77.45,79,12,6.53,few clouds
658,Brigantine,US,39.4101,-74.3646,51.8,19,1,6.91,clear sky
659,Road Town,VG,18.4167,-64.6167,82.4,65,40,6.91,scattered clouds
660,Fethiye,TR,36.6217,29.1164,50.0,93,40,5.75,scattered clouds
661,Anchorage,US,61.2181,-149.9003,34.0,69,90,3.44,overcast clouds
662,Kanker,IN,20.2719,81.4931,72.93,13,0,1.21,clear sky
663,Cabra,ES,37.4725,-4.4421,59.0,65,79,3.22,broken clouds
664,Banjar,ID,-8.19,114.9675,82.4,83,40,10.36,scattered clouds
665,Arrecife,ES,28.963,-13.5477,64.4,59,40,14.97,scattered clouds
666,Krasnoselkup,RU,65.7,82.4667,26.51,97,100,7.81,overcast clouds
667,Adrar,MR,20.5022,-10.0711,83.48,13,55,11.72,broken clouds
668,Ust-Koksa,RU,50.2696,85.6108,19.0,72,1,2.17,clear sky
669,Yar-Sale,RU,66.8333,70.8333,19.06,99,97,6.17,overcast clouds
670,Jesus Maria,AR,-30.9815,-64.0942,77.0,53,20,11.5,few clouds
671,San Carlos,VE,9.6612,-68.5827,93.56,28,96,0.43,overcast clouds
672,Montepuez,MZ,-13.1256,38.9997,68.41,99,98,3.27,overcast clouds
673,Xining,CN,36.6167,101.7667,31.73,95,99,0.85,overcast clouds
674,Fomboni,KM,-12.28,43.7425,82.99,72,44,4.47,scattered clouds
675,Pisco,PE,-13.7,-76.2167,75.2,69,0,8.05,clear sky
676,Krasnaya Polyana,RU,56.242,51.1442,32.67,99,100,3.29,snow
677,Bahia Blanca,AR,-38.7196,-62.2724,75.7,41,89,11.54,overcast clouds
678,Eureka,US,40.8021,-124.1637,55.0,69,100,4.0,overcast clouds
679,Kandrian,PG,-6.2167,149.55,80.42,85,99,5.66,light rain
680,Atlantic City,US,39.3643,-74.4229,53.01,19,1,6.91,clear sky
681,Istanbul,TR,41.0351,28.9833,60.8,72,0,12.66,clear sky
682,Kavaratti,IN,10.5669,72.642,82.09,64,32,8.3,scattered clouds
683,Qaqortoq,GL,60.7167,-46.0333,37.4,87,75,3.44,moderate rain
684,Pilar,BR,-9.5972,-35.9567,80.6,78,20,8.05,few clouds
685,Manutuke,NZ,-38.6833,177.9167,66.99,59,6,5.01,clear sky
686,Carman,CA,49.4992,-98.0016,62.6,18,100,14.97,overcast clouds
687,Ambovombe,MG,-25.1667,46.0833,70.9,85,0,5.53,clear sky
688,Mikhaylovka,RU,50.06,43.2379,39.99,91,100,5.01,overcast clouds
689,Gisborne,NZ,-38.6533,178.0042,66.99,59,7,5.01,clear sky
690,Ak-Dovurak,RU,51.1833,90.6,29.41,41,14,0.98,few clouds
691,Inhambane,MZ,-23.865,35.3833,74.84,81,53,9.95,broken clouds
692,Chilca,PE,-12.5211,-76.7372,77.0,57,0,6.91,clear sky
693,Stokmarknes,NO,68.5646,14.9108,37.99,89,100,11.01,light snow
694,Ploemeur,FR,47.7333,-3.4333,48.0,75,0,16.11,clear sky
695,Harper,LR,4.375,-7.7169,79.14,87,73,6.91,broken clouds
